ts,tag,model,input_tokens,output_tokens,latency_ms,status,error
2026-10-07T05:00:35.639668+00:00,trial-extract/1,deepseek-v4.1-flash,1256,2000,13397,200,empty reply
2026-10-07T05:00:51.886218+00:00,trial-extract/2,deepseek-v4.1-flash,2832,2000,15518,200,empty reply
2026-10-07T05:01:06.723943+00:00,trial-extract/3,deepseek-v4.1-flash,1550,2000,14040,200,empty reply
2026-10-07T05:01:15.604295+00:00,trial-extract/4,deepseek-v4.1-flash,3067,985,8795,200,
2026-10-07T05:01:24.265934+00:00,trial-extract/5,deepseek-v4.1-flash,2178,909,7272,200,
2026-10-07T05:02:29.086068+00:00,trial-extract/1,deepseek-v4.1-flash,1256,3469,19204,200,
2026-10-07T05:02:43.463545+00:00,trial-extract/2,deepseek-v4.1-flash,2832,2484,13685,200,
2026-10-07T05:02:56.894415+00:00,trial-extract/3,deepseek-v4.1-flash,1550,2527,12961,200,
2026-10-07T05:18:07.282229+00:00,trial-extract/1,deepseek-v4.1-flash,2702,4000,20068,200,empty reply
2026-10-07T05:18:27.508285+00:00,trial-extract/2,deepseek-v4.1-flash,2682,3887,19515,200,
2026-10-07T05:18:49.364987+00:00,trial-extract/3,deepseek-v4.1-flash,2693,4000,21446,200,empty reply
2026-10-07T05:18:54.451357+00:00,trial-extract/4,deepseek-v4.1-flash,1808,774,4945,200,
2026-10-07T05:19:14.220820+00:00,trial-extract/5,deepseek-v4.1-flash,2650,3376,18574,200,
2026-10-07T05:19:37.204263+00:00,trial-extract/6,deepseek-v4.1-flash,2775,4000,21189,200,
2026-10-07T05:19:59.482507+00:00,trial-extract/7,deepseek-v4.1-flash,1596,4000,21840,200,empty reply
2026-10-07T05:20:02.593860+00:00,trial-extract/8,deepseek-v4.1-flash,535,61,1371,200,
2026-10-07T05:20:22.943615+00:00,trial-extract/9,deepseek-v4.1-flash,2632,4000,20114,200,empty reply
2026-10-07T05:23:11.473550+00:00,trial-extract/1,deepseek-v4.1-flash,2741,4000,19432,200,empty reply
2026-10-07T05:23:22.207765+00:00,trial-extract/2,deepseek-v4.1-flash,2732,2147,10224,200,
2026-10-07T05:23:33.698172+00:00,trial-extract/3,deepseek-v4.1-flash,2814,2250,11404,200,
2026-10-07T05:24:00.027285+00:00,trial-extract/4,deepseek-v4.1-flash,1635,4000,26050,200,
2026-10-07T05:24:09.080973+00:00,trial-extract/5,deepseek-v4.1-flash,2671,1792,8921,200,
2026-10-07T05:25:04.349088+00:00,trial-extract/1,deepseek-v4.1-flash,2741,4000,18807,200,empty reply
2026-10-07T05:25:27.772288+00:00,trial-extract/2,deepseek-v4.1-flash,1620,4000,23417,200,empty reply
2026-10-07T05:25:53.790017+00:00,trial-extract/3,deepseek-v4.1-flash,1635,4000,25727,200,empty reply
2026-10-07T05:26:15.224517+00:00,trial-extract/4,deepseek-v4.1-flash,1088,3257,21432,200,
2026-10-07T05:42:52.625894+00:00,refresh-extract/1,deepseek-v4.1-flash,9257,1221,17252,200,
2026-10-07T05:43:09.073580+00:00,refresh-extract/2,deepseek-v4.1-flash,2048,2270,16411,200,
2026-10-07T05:43:40.448481+00:00,refresh-extract/3,deepseek-v4.1-flash,1331,4000,31360,200,empty reply
2026-10-07T05:43:58.649980+00:00,refresh-extract/4,deepseek-v4.1-flash,2747,2606,18189,200,
2026-10-07T05:44:00.864217+00:00,refresh-extract/5,deepseek-v4.1-flash,5651,123,2180,200,
2026-10-07T05:44:20.088436+00:00,refresh-extract/6,deepseek-v4.1-flash,1827,2454,19205,200,
2026-10-07T05:44:51.370663+00:00,refresh-extract/7,deepseek-v4.1-flash,2979,3007,31240,200,
2026-10-07T05:45:13.103178+00:00,refresh-extract/8,deepseek-v4.1-flash,1421,2898,21720,200,
2026-10-07T05:45:41.498366+00:00,refresh-extract/9,deepseek-v4.1-flash,6060,2811,28355,200,
2026-10-07T05:46:04.468634+00:00,refresh-extract/10,deepseek-v4.1-flash,2825,2740,22950,200,
2026-10-07T05:46:34.371848+00:00,refresh-extract/11,deepseek-v4.1-flash,2575,2726,29890,200,
2026-10-07T05:46:59.165158+00:00,refresh-extract/12,deepseek-v4.1-flash,2339,2602,24772,200,
2026-10-07T05:47:37.719857+00:00,refresh-extract/13,deepseek-v4.1-flash,1656,2515,38545,200,
2026-10-07T05:48:22.718791+00:00,refresh-extract/14,deepseek-v4.1-flash,2161,2903,44985,200,
2026-10-07T05:48:43.077142+00:00,refresh-extract/15,deepseek-v4.1-flash,2174,1662,20339,200,
2026-10-07T05:49:06.515430+00:00,refresh-extract/16,deepseek-v4.1-flash,884,2480,23420,200,
2026-10-07T05:49:09.933199+00:00,refresh-extract/17,deepseek-v4.1-flash,908,295,3404,200,
2026-10-07T05:49:33.840668+00:00,refresh-extract/18,deepseek-v4.1-flash,1438,2822,23886,200,
2026-10-07T05:50:02.966715+00:00,refresh-extract/19,deepseek-v4.1-flash,5118,3058,29072,200,
2026-10-07T05:50:24.451083+00:00,refresh-extract/20,deepseek-v4.1-flash,1181,2743,21467,200,
2026-10-07T05:50:51.564178+00:00,refresh-extract/21,deepseek-v4.1-flash,2948,2535,27093,200,
2026-10-07T05:51:11.987831+00:00,refresh-extract/22,deepseek-v4.1-flash,1521,2748,20416,200,
2026-10-07T05:51:30.355340+00:00,refresh-extract/23,deepseek-v4.1-flash,931,2435,18355,200,
2026-10-07T05:51:50.863479+00:00,refresh-extract/24,deepseek-v4.1-flash,822,2295,20501,200,
2026-10-07T05:52:00.526009+00:00,refresh-extract/25,deepseek-v4.1-flash,2308,1040,9650,200,
2026-10-07T06:20:22.071611+00:00,refresh-extract/1,deepseek-v4.1-flash,2297,1566,20997,200,
2026-10-07T06:20:52.509064+00:00,refresh-extract/2,deepseek-v4.1-flash,2221,2786,30406,200,
2026-10-07T06:21:16.651004+00:00,refresh-extract/3,deepseek-v4.1-flash,4314,2657,24098,200,
2026-10-07T06:21:23.558623+00:00,refresh-extract/4,deepseek-v4.1-flash,1294,329,6876,200,
2026-10-07T06:21:59.300201+00:00,refresh-extract/5,deepseek-v4.1-flash,6090,2902,35708,200,
2026-10-07T06:22:22.540953+00:00,refresh-extract/6,deepseek-v4.1-flash,1315,2538,23209,200,
2026-10-07T06:22:33.930671+00:00,refresh-extract/7,deepseek-v4.1-flash,2051,971,11363,200,
2026-10-07T06:22:35.958551+00:00,refresh-extract/8,deepseek-v4.1-flash,515,186,2015,200,
2026-10-07T06:23:03.861269+00:00,refresh-extract/9,deepseek-v4.1-flash,6569,3385,27873,200,
2026-10-07T06:23:54.707706+00:00,refresh-extract/10,deepseek-v4.1-flash,5139,3036,50819,200,
2026-10-07T06:24:07.347078+00:00,refresh-extract/11,deepseek-v4.1-flash,1065,348,12626,200,
2026-10-07T06:24:18.062071+00:00,refresh-extract/12,deepseek-v4.1-flash,1010,944,10700,200,
2026-10-07T06:24:58.392145+00:00,refresh-extract/13,deepseek-v4.1-flash,2868,3162,40296,200,
2026-10-07T06:25:22.841502+00:00,refresh-extract/14,deepseek-v4.1-flash,1228,2715,24422,200,
2026-10-07T06:25:49.692505+00:00,refresh-extract/15,deepseek-v4.1-flash,3016,3150,26811,200,
2026-10-07T06:26:12.998812+00:00,refresh-extract/16,deepseek-v4.1-flash,1357,2975,23279,200,
2026-10-07T06:26:46.203805+00:00,refresh-extract/17,deepseek-v4.1-flash,987,2441,33125,200,
2026-10-07T06:26:49.788098+00:00,refresh-extract/18,deepseek-v4.1-flash,647,256,3510,200,
2026-10-07T06:27:11.781974+00:00,refresh-extract/19,deepseek-v4.1-flash,1712,2675,21887,200,
2026-10-07T06:27:17.003922+00:00,refresh-extract/20,deepseek-v4.1-flash,2118,496,5088,200,
2026-10-07T06:27:53.729998+00:00,refresh-extract/21,deepseek-v4.1-flash,3224,2954,36426,200,
2026-10-07T06:28:23.143195+00:00,refresh-extract/22,deepseek-v4.1-flash,1546,2735,29298,200,
2026-10-07T06:28:36.037191+00:00,refresh-extract/23,deepseek-v4.1-flash,723,1153,12796,200,
2026-10-07T06:29:02.436057+00:00,refresh-extract/24,deepseek-v4.1-flash,690,2481,26310,200,
2026-10-07T06:29:24.282989+00:00,refresh-extract/25,deepseek-v4.1-flash,2046,2917,21819,200,
2026-10-07T06:43:44.995885+00:00,refresh-extract/1,deepseek-v4.1-flash,2346,2737,26125,200,
2026-10-07T06:43:49.170185+00:00,refresh-extract/2,deepseek-v4.1-flash,537,216,4171,200,
2026-10-07T06:43:51.646776+00:00,refresh-extract/3,deepseek-v4.1-flash,511,134,2485,200,
2026-10-07T06:44:15.535173+00:00,refresh-extract/4,deepseek-v4.1-flash,3739,3161,23875,200,
2026-10-07T06:44:20.545571+00:00,refresh-extract/5,deepseek-v4.1-flash,45959,417,4859,200,
2026-10-07T06:44:47.842828+00:00,refresh-extract/6,deepseek-v4.1-flash,2512,3716,27265,200,
2026-10-07T06:45:19.649868+00:00,refresh-extract/7,deepseek-v4.1-flash,1378,2783,31766,200,
2026-10-07T06:45:53.244396+00:00,refresh-extract/8,deepseek-v4.1-flash,2353,2657,33578,200,
2026-10-07T06:46:19.237841+00:00,refresh-extract/9,deepseek-v4.1-flash,1976,2643,25985,200,
2026-10-07T06:46:44.841600+00:00,refresh-extract/10,deepseek-v4.1-flash,3997,3010,25578,200,
2026-10-07T06:47:09.959375+00:00,refresh-extract/11,deepseek-v4.1-flash,1141,2493,25109,200,
2026-10-07T06:47:34.509885+00:00,refresh-extract/12,deepseek-v4.1-flash,1026,2721,24530,200,
2026-10-07T06:48:16.691438+00:00,refresh-extract/13,deepseek-v4.1-flash,2142,2795,42171,200,
2026-10-07T06:48:44.401067+00:00,refresh-extract/14,deepseek-v4.1-flash,946,2744,27688,200,
2026-10-07T06:49:25.054851+00:00,refresh-extract/15,deepseek-v4.1-flash,2407,2990,40640,200,
2026-10-07T06:49:46.670842+00:00,refresh-extract/16,deepseek-v4.1-flash,1788,2410,21609,200,
2026-10-07T06:50:22.415216+00:00,refresh-extract/17,deepseek-v4.1-flash,8025,2807,35718,200,
2026-10-07T06:50:48.189906+00:00,refresh-extract/18,deepseek-v4.1-flash,1284,2451,25765,200,
2026-10-07T06:51:18.186512+00:00,refresh-extract/19,deepseek-v4.1-flash,856,2586,30000,200,
2026-10-07T06:51:45.122589+00:00,refresh-extract/20,deepseek-v4.1-flash,2202,2855,26936,200,
2026-10-07T06:52:09.060648+00:00,refresh-extract/21,deepseek-v4.1-flash,1556,2964,23921,200,
2026-10-07T06:52:34.478366+00:00,refresh-extract/22,deepseek-v4.1-flash,1425,2958,25406,200,
2026-10-07T07:19:49+00:00,chat-e2e/citations-deploy-verify,deepseek-v4.1-flash,,,,200,via grants-bot worker; usage not returned upstream
2026-10-07T07:31:53.983627+00:00,refresh-extract/1,deepseek-v4.1-flash,2930,4000,21702,200,empty reply
2026-10-07T07:32:04.682998+00:00,refresh-extract/2,deepseek-v4.1-flash,3405,1910,10672,200,
2026-10-07T07:32:30.617025+00:00,refresh-extract/3,deepseek-v4.1-flash,1334,4000,25921,200,empty reply
2026-10-07T07:32:53.415173+00:00,refresh-extract/4,deepseek-v4.1-flash,2134,4000,22797,200,empty reply
2026-10-07T07:33:14.841576+00:00,refresh-extract/5,deepseek-v4.1-flash,1991,3782,21406,200,
2026-10-07T07:33:36.918435+00:00,refresh-extract/6,deepseek-v4.1-flash,1029,3772,22077,200,
2026-10-07T07:33:58.974264+00:00,refresh-extract/7,deepseek-v4.1-flash,2556,4000,22031,200,empty reply
2026-10-07T07:34:14.661511+00:00,refresh-extract/8,deepseek-v4.1-flash,4871,2394,15656,200,
2026-10-07T07:34:25.905430+00:00,refresh-extract/9,deepseek-v4.1-flash,826,1786,11234,200,
2026-10-07T07:34:49.648256+00:00,refresh-extract/10,deepseek-v4.1-flash,1596,4000,23734,200,empty reply
2026-10-07T07:35:11.519156+00:00,refresh-extract/11,deepseek-v4.1-flash,1409,3552,21859,200,
2026-10-07T07:35:30.077939+00:00,refresh-extract/12,deepseek-v4.1-flash,2158,3081,18546,200,
2026-10-07T07:35:52.959401+00:00,refresh-extract/13,deepseek-v4.1-flash,1602,3922,22875,200,
2026-10-07T07:36:11.213666+00:00,refresh-extract/14,deepseek-v4.1-flash,1649,3339,18235,200,
2026-10-07T07:36:36.035051+00:00,refresh-extract/15,deepseek-v4.1-flash,850,4000,24813,200,empty reply
2026-10-07T07:37:00.391247+00:00,refresh-extract/16,deepseek-v4.1-flash,1534,4000,24343,200,empty reply
2026-10-07T07:39:11.127343+00:00,refresh-extract/1,deepseek-v4.1-flash,2930,4000,25313,200,empty reply
2026-10-07T07:39:28.199000+00:00,refresh-extract/2,deepseek-v4.1-flash,1334,2479,17061,200,
2026-10-07T07:39:52.196893+00:00,refresh-extract/3,deepseek-v4.1-flash,2134,4000,23983,200,empty reply
2026-10-07T07:40:16.390798+00:00,refresh-extract/4,deepseek-v4.1-flash,2556,4000,24186,200,empty reply
2026-10-07T07:40:44.882584+00:00,refresh-extract/5,deepseek-v4.1-flash,1596,4000,28484,200,empty reply
2026-10-07T07:41:04.640287+00:00,refresh-extract/6,deepseek-v4.1-flash,850,3101,19750,200,
2026-10-07T07:41:23.569498+00:00,refresh-extract/7,deepseek-v4.1-flash,1534,3361,18921,200,
